Ref,Qty,Description,MF,MF PN,S1,S1_PN
C1,1,CAP CER 1UF 16V X7R RADIAL,TDK,FK28X7R1C105K,Digikey,445-8614-ND
D1 D2,2,DIODE ZENER 3.6V 1W BZX85C3V6 DO41,Fairchild,BZX85C3V6,Digikey,BZX85C3V6-ND
J1,1,USB MICRO-B RECEPTACLE 5PIN SMT R/A STUDS,Amphenol,10118193-0001LF,Digikey,609-4616-1-ND
R1,1,RES 1.5K OHM 1/2W 5% CF MINI,Stackpole,CFM12JT1K50,Digikey,S1.5KHCT-ND
R2 R3,2,RES 66.5 OHM 1/4W 1% AXIAL,Yageo,MFR-25FBF52-66R5,Digikey,66.5XBK-ND
SW1,1, SWITCH TACTILE SPST-NO 0.05A 24V ,Omron,B3F-1000,Digikey,SW400-ND
W1 W2 W3 W4 W5,5, SWITCH TACTILE SPST-NO 0.05A 24V ,Omron,B3F-1000,Digikey,SW400-ND
